,player,xg_diff_19,xg_diff_20,xg_diff_21,xg_diff_22,xg_diff_23,shots_19,shots_20,shots_21,shots_22,shots_23,total_shots
0,Marco Stiepermann,0.01,,,,,19.0,,,,,
1,Teemu Pukki,0.1127,,0.1,,,78.0,,68.0,,,
2,Andrew Robertson,0.135,0.028,0.2238,0.05,0.0967,22.0,19.0,18.0,13.0,12.0,84.0
3,Mohamed Salah,0.1471,0.168,0.1522,0.1616,0.1417,129.0,120.0,133.0,121.0,107.0,610.0
4,Emi Buendía,0.1273,,0.1538,0.1173,,40.0,,44.0,49.0,,
5,Virgil van Dijk,0.0771,-0.02,0.0914,0.1367,0.0936,31.0,4.0,35.0,30.0,45.0,145.0
6,Roberto Firmino,0.1484,0.1041,0.0518,0.1724,,99.0,83.0,30.0,39.0,,
7,Tom Trybull,0.085,,,,,11.0,,,,,
8,Divock Origi,0.1567,0.085,0.172,,0.2,14.0,7.0,10.0,,14.0,
9,Jordan Henderson,0.165,0.2175,0.12,0.032,,20.0,14.0,31.0,23.0,,
10,Fabinho,0.15,0.0,0.1857,0.1675,,12.0,10.0,19.0,18.0,,
11,Moritz Leitner,,,,,,8.0,,,,,
12,Trent Alexander-Arnold,0.2015,0.16,0.082,0.1925,0.1625,44.0,55.0,51.0,40.0,47.0,237.0
13,Ben Godfrey,0.015,0.02,0.0967,,0.0333,15.0,14.0,18.0,6.0,15.0,68.0
14,Onel Hernández,0.045,,,,,29.0,,,,,
15,Riyad Mahrez,0.1463,0.1882,0.1328,0.0933,,73.0,58.0,56.0,42.0,,
16,David Silva,0.1006,,,,,47.0,,,,,
17,Gabriel Jesus,0.1213,0.1931,0.0785,0.1028,0.0932,100.0,55.0,63.0,76.0,55.0,349.0
18,Kyle Walker,0.13,0.1667,0.18,0.03,0.0433,14.0,10.0,8.0,5.0,16.0,53.0
19,Sébastien Haller,0.1085,0.1218,,,,56.0,25.0,,,,
20,Kevin De Bruyne,0.1707,0.1062,0.1568,0.1357,0.1824,97.0,77.0,78.0,65.0,44.0,361.0
21,Raheem Sterling,0.1714,0.1332,0.08,0.26,0.219,97.0,69.0,54.0,42.0,51.0,313.0
22,Oleksandr Zinchenko,0.0367,0.095,0.1625,0.1886,0.1367,16.0,16.0,12.0,28.0,17.0,89.0
23,Issa Diop,0.035,0.42,0.025,0.21,0.24,15.0,3.0,2.0,3.0,5.0,28.0
24,Javier Hernández,0.24,,,,,3.0,,,,,
25,Manuel Lanzini,0.0786,0.1667,0.155,0.13,,23.0,12.0,13.0,3.0,,
26,David McGoldrick,0.034,0.1335,,,,46.0,71.0,,,,
27,Jefferson Lerma,0.2,,,0.126,0.0833,30.0,,,35.0,34.0,
28,Callum Robinson,0.1775,0.1145,,,,12.0,31.0,,,,
29,Philip Billing,0.06,,,0.1128,0.1812,33.0,,,38.0,30.0,
30,John Lundstram,0.252,0.085,,,,43.0,19.0,,,,
31,Chris Mepham,0.1,,,0.0975,0.06,7.0,,,8.0,1.0,
32,George Baldock,0.22,0.13,,,,13.0,13.0,,,1.0,
33,Joshua King,0.025,-0.04,0.1319,,,23.0,3.0,49.0,,,
34,Nathan Aké,0.1514,0.11,0.095,-0.13,0.304,25.0,3.0,5.0,9.0,20.0,62.0
35,Callum Wilson,0.1624,0.1306,0.0967,0.1323,0.0944,55.0,45.0,33.0,70.0,33.0,236.0
36,Steve Cook,0.17,,,,,11.0,,,3.0,,
37,Diego Rico,0.1033,,,,,11.0,,,,,
38,Oliver McBurnie,0.0854,0.0417,,,0.0667,50.0,30.0,,,31.0,
39,Billy Sharp,0.2471,0.105,,,,16.0,7.0,,,,
40,Ryan Fraser,0.0373,0.115,0.1643,0.13,,27.0,13.0,24.0,6.0,,
41,Gerard Deulofeu,0.0885,,,,,63.0,,,,,
42,Dan Burn,,0.0667,-0.005,0.125,0.058,12.0,17.0,18.0,21.0,23.0,91.0
43,Jürgen Locadia,-0.02,,,,,2.0,,1.0,,,
44,Troy Deeney,0.1606,,,,,39.0,,2.0,,,
45,Davy Pröpper,0.0175,0.09,,,,29.0,4.0,,,,
46,Will Hughes,0.1967,,,0.19,0.0567,27.0,,6.0,6.0,8.0,
47,Étienne Capoue,0.12,,,,,19.0,,,,,
48,Kiko Femenía,0.05,,0.14,,,5.0,,3.0,,,
49,Andre Gray,0.145,,,,,19.0,,,,,
50,Roberto Pereyra,0.0387,,,,,20.0,,,,,
51,Florin Andone,0.4,,,,,1.0,,,,,
52,Craig Dawson,0.04,0.03,0.162,0.0,0.162,26.0,16.0,25.0,17.0,16.0,100.0
53,Neal Maupay,0.1092,0.1209,0.1107,0.0992,0.2544,94.0,67.0,59.0,32.0,42.0,294.0
54,Gylfi Sigurðsson,0.1275,0.0985,,,,45.0,45.0,,,,
55,Richarlison,0.1397,0.1048,0.1075,-0.0079,0.1308,90.0,80.0,69.0,27.0,62.0,328.0
56,Max Meyer,0.005,,,,,9.0,,,,,
57,Lucas Digne,0.165,,0.2033,0.19,0.162,29.0,13.0,18.0,8.0,20.0,88.0
58,Séamus Coleman,0.1533,0.03,0.09,-0.03,,8.0,12.0,8.0,7.0,,
59,Dominic Calvert-Lewin,0.135,0.0852,0.1645,0.1756,0.0382,85.0,83.0,30.0,30.0,71.0,299.0
60,Scott Dann,0.125,0.28,,,,8.0,4.0,,,,
61,Jordan Ayew,0.1383,0.05,0.1925,0.125,0.0968,58.0,26.0,35.0,32.0,48.0,199.0
62,Wilfried Zaha,0.0959,0.0994,0.1269,0.169,,61.0,58.0,62.0,64.0,,
63,Che Adams,0.0856,0.0619,0.1258,0.0621,,36.0,55.0,49.0,47.0,,
64,Oriol Romeu,,0.0825,0.05,,,8.0,14.0,24.0,,,
65,James Ward-Prowse,0.1404,0.212,0.2405,0.1081,0.1775,54.0,39.0,51.0,40.0,42.0,226.0
66,Jóhann Berg Guðmundsson,0.205,0.1612,0.068,,0.0917,10.0,19.0,19.0,,15.0,
67,Nathan Redmond,0.1043,0.1569,0.1244,,,59.0,45.0,26.0,,,
68,Ashley Barnes,0.0545,0.0533,0.116,,,39.0,37.0,15.0,,,
69,Erik Pieters,0.0267,0.07,,,,14.0,4.0,7.0,,,
70,Ryan Bertrand,0.1967,0.04,,,,18.0,8.0,,,,
71,Chris Wood,0.175,0.1014,0.1141,0.1675,0.1231,64.0,68.0,50.0,11.0,48.0,241.0
72,James Tarkowski,0.048,0.114,0.1033,0.0111,0.1325,21.0,22.0,22.0,32.0,25.0,122.0
73,Jannik Vestergaard,0.168,0.1662,,,,12.0,23.0,1.0,,,
74,Jan Bednarek,0.34,0.044,0.0714,,,7.0,10.0,19.0,8.0,,
75,Lucas Moura,0.0886,0.1417,0.1236,0.35,,56.0,18.0,37.0,4.0,,
76,Érik Lamela,0.1175,0.1278,,,,29.0,21.0,,,,
77,John McGinn,0.1005,0.0727,0.1675,0.0709,0.1943,55.0,45.0,43.0,42.0,40.0,225.0
78,Trézéguet,0.1082,0.1333,,,,50.0,35.0,1.0,,,
79,Harry Kane,0.1909,0.1302,0.1557,0.1528,,79.0,133.0,129.0,124.0,,
80,Wesley Moraes,0.0982,0.0,,,,34.0,1.0,,,,
81,Harry Winks,0.165,0.35,-0.01,,,14.0,4.0,3.0,,,
82,Moussa Sissoko,0.2725,0.01,0.2088,,,15.0,3.0,25.0,,,
83,Anwar El Ghazi,0.1311,0.0477,0.02,,,51.0,60.0,7.0,,,
84,Tanguy Ndombele,0.085,0.1586,0.11,,,9.0,18.0,9.0,,,
85,Kyle Walker-Peters,,0.08,0.1014,0.212,,3.0,18.0,26.0,13.0,,
86,Toby Alderweireld,0.0675,-0.0,,,,16.0,10.0,,,,
87,Christian Eriksen,0.1278,,0.1162,0.1936,0.2075,26.0,,22.0,39.0,13.0,
88,Davinson Sánchez,0.1533,,0.17,0.09,,7.0,5.0,13.0,6.0,1.0,32.0
89,Georges-Kévin N'Koudou,,,,,,1.0,,,,,
90,Leander Dendoncker,0.272,0.085,0.095,-0.015,0.27,20.0,31.0,23.0,5.0,2.0,81.0
91,Hamza Choudhury,0.08,0.2,,,,7.0,4.0,1.0,,,
92,Youri Tielemans,0.1323,0.1078,0.2373,0.145,0.062,56.0,47.0,57.0,29.0,14.0,203.0
93,Ben Chilwell,0.215,0.114,0.1633,0.1425,0.045,16.0,27.0,13.0,16.0,12.0,84.0
94,Ricardo Pereira,0.06,0.0875,0.215,0.09,,18.0,7.0,10.0,2.0,,
95,Wilfred Ndidi,0.2867,0.22,-0.005,0.125,,26.0,16.0,14.0,7.0,,
96,James Maddison,0.14,0.1061,0.1373,0.1307,0.1543,74.0,75.0,72.0,83.0,58.0,362.0
97,Diogo Jota,0.085,0.0885,0.0966,0.1809,0.2042,69.0,46.0,90.0,35.0,41.0,281.0
98,Raúl Jiménez,0.1349,0.133,0.1647,0.0033,0.1371,114.0,26.0,56.0,20.0,41.0,257.0
99,Ryan Bennett,,,,,,1.0,,,,,
100,Ayoze Pérez,0.1214,0.1515,0.2583,0.155,,46.0,31.0,11.0,8.0,,
101,Marc Albrighton,0.08,0.1133,0.31,0.56,,10.0,21.0,4.0,2.0,,
102,Harvey Barnes,0.0821,0.1196,0.2342,0.1179,0.1742,61.0,56.0,66.0,72.0,27.0,282.0
103,Jonny Evans,0.0987,0.1733,0.27,-0.12,,23.0,8.0,3.0,1.0,1.0,36.0
104,Joelinton,0.0993,0.0921,0.1164,0.0642,0.1043,50.0,43.0,45.0,51.0,19.0,208.0
105,Jonjo Shelvey,0.2479,0.0944,0.1086,,,45.0,42.0,30.0,6.0,,
106,Henrikh Mkhitaryan,,,,,,2.0,,,,,
107,Granit Xhaka,0.1067,0.1486,0.256,0.2636,,11.0,21.0,27.0,40.0,,
108,Pierre-Emerick Aubameyang,0.1903,0.1258,0.0262,0.0957,,91.0,55.0,33.0,16.0,,
109,Miguel Almirón,0.1918,0.2114,0.21,0.2315,0.1413,56.0,33.0,32.0,69.0,41.0,231.0
110,Joe Willock,0.12,0.2133,0.0736,0.2175,0.31,15.0,22.0,35.0,58.0,7.0,137.0
111,Allan Saint-Maximin,0.1681,0.1408,0.1115,0.1209,,46.0,30.0,64.0,28.0,,
112,Fabian Schär,0.1817,0.045,0.1675,0.085,0.0838,20.0,11.0,21.0,56.0,35.0,143.0
113,Tammy Abraham,0.1214,0.2015,,,,88.0,32.0,,,,
114,Pedro,0.128,,,,,22.0,,,,,
115,Anthony Martial,0.1582,0.1085,0.02,0.18,0.035,79.0,43.0,5.0,26.0,6.0,159.0
116,Mason Mount,0.1062,0.1152,0.1648,0.1711,0.76,78.0,81.0,75.0,33.0,5.0,272.0
117,Paul Pogba,0.1543,0.1664,0.0562,,,21.0,31.0,32.0,,,
118,Ross Barkley,0.175,0.1508,0.2725,,0.1495,40.0,39.0,9.0,,66.0,
119,Jorginho,0.15,,0.06,0.14,,9.0,5.0,9.0,9.0,4.0,36.0
120,Emerson Palmieri,0.0186,,,0.056,0.2475,13.0,,,11.0,19.0,
121,Kurt Zouma,0.02,0.0892,-0.065,0.126,0.2071,15.0,27.0,6.0,19.0,16.0,83.0
122,Marcus Rashford,0.1192,0.1011,0.1017,0.1337,0.1711,87.0,79.0,22.0,108.0,60.0,356.0
123,Daniel James,0.1645,0.0483,0.2319,0.325,,42.0,17.0,54.0,17.0,,
124,Mason Greenwood,0.177,0.0696,0.0978,,,39.0,67.0,48.0,,,
125,Christian Pulisic,0.2064,0.1244,0.2173,0.13,,63.0,43.0,28.0,19.0,,
126,Dani Ceballos,0.1267,0.02,,,,13.0,13.0,,,,
127,Alexandre Lacazette,0.195,0.1664,0.0542,,,52.0,42.0,43.0,,,
128,Jack Cork,0.068,,-0.08,,,18.0,5.0,7.0,,,
129,Ben Mee,0.1667,0.1267,0.17,0.2686,0.04,17.0,22.0,19.0,28.0,10.0,96.0
130,Dwight McNeil,0.0921,0.2144,0.0753,0.1073,0.0957,48.0,26.0,52.0,46.0,57.0,229.0
131,Reiss Nelson,0.1275,,,0.2288,0.2,11.0,1.0,1.0,12.0,4.0,29.0
132,Mattéo Guendouzi,0.142,,,,,11.0,,,,,
133,Ainsley Maitland-Niles,0.16,0.095,,0.2,,4.0,12.0,2.0,1.0,,
134,Ashley Westwood,0.0833,0.18,0.01,,,13.0,20.0,14.0,,,
135,Matthew Lowton,,0.165,0.195,,,1.0,21.0,10.0,,,
136,Nicolas Pépé,0.1529,0.1568,0.1857,,,49.0,47.0,23.0,,,
137,Lucas Torreira,0.0183,,,,,21.0,,,,,
138,Jay Rodriguez,0.125,-0.0044,0.04,,0.1886,66.0,31.0,41.0,,21.0,
139,James Milner,-0.015,0.0933,0.135,0.07,0.17,10.0,12.0,10.0,7.0,5.0,44.0
140,Alex Oxlade-Chamberlain,0.182,0.075,-0.0867,0.0833,,40.0,8.0,21.0,7.0,,
141,Maya Yoshida,0.03,,,,,5.0,,,,,
142,Yan Valery,-0.035,,,,,3.0,2.0,2.0,,,
143,Sadio Mané,0.2025,0.1359,0.1016,,,77.0,94.0,98.0,,,
144,Pierre Højbjerg,0.0918,0.0957,0.136,0.1644,0.1633,46.0,14.0,31.0,33.0,19.0,143.0
145,Joël Matip,0.19,0.1,0.1643,-0.0067,,4.0,5.0,35.0,5.0,5.0,54.0
146,Danny Ings,0.1623,0.1946,0.1965,0.1731,0.045,91.0,55.0,48.0,40.0,12.0,246.0
147,Harry Wilson,0.175,,,0.1875,0.1669,56.0,,,18.0,40.0,
148,Douglas Luiz,0.1433,0.0938,0.0475,0.1275,0.235,38.0,26.0,23.0,34.0,44.0,165.0
149,Jack Grealish,0.2,0.1824,0.0731,0.178,0.2,72.0,50.0,45.0,41.0,22.0,230.0
150,Neil Taylor,,,,,,3.0,,,,,
151,Jota,-0.02,,,,,6.0,,,,,
152,Björn Engels,0.09,,,,,8.0,,,,,
153,Pascal Groß,0.1256,0.08,0.1014,0.1784,0.1028,29.0,28.0,23.0,39.0,54.0,173.0
154,Dale Stephens,0.04,,,,,19.0,4.0,1.0,,,
155,Solly March,0.245,0.2575,0.035,0.1358,0.2417,21.0,22.0,20.0,74.0,14.0,151.0
156,Glenn Murray,0.224,,,,,18.0,,,,,
157,Declan Rice,0.13,0.1629,0.1525,0.2037,0.157,31.0,25.0,26.0,35.0,58.0,175.0
158,Pablo Fornals,0.14,0.122,0.1891,0.1114,0.0767,36.0,50.0,43.0,27.0,7.0,163.0
159,Shane Duffy,0.42,,0.034,,,7.0,,22.0,1.0,,
160,Leandro Trossard,0.2009,0.1222,0.19,0.1078,0.2345,41.0,58.0,73.0,55.0,60.0,287.0
161,Lewis Dunk,0.155,0.1421,0.1529,0.0067,0.1642,31.0,32.0,19.0,22.0,33.0,137.0
162,Michail Antonio,0.118,0.1473,0.1693,0.0377,0.1843,67.0,63.0,82.0,39.0,30.0,281.0
163,Robert Snodgrass,0.147,0.04,,,,21.0,4.0,,,,
164,Todd Cantwell,0.1581,,,,,42.0,,5.0,,,
165,Emil Krafth,,0.2133,0.12,,,4.0,7.0,6.0,,4.0,
166,Matt Ritchie,0.2771,-0.02,-0.06,,0.07,25.0,11.0,10.0,,6.0,
167,Isaac Hayden,0.13,-0.04,0.01,,,18.0,16.0,5.0,,,
168,Paul Dummett,0.155,0.17,,,,2.0,3.0,,,1.0,
169,Jamaal Lascelles,0.02,0.1833,0.2125,,-0.06,9.0,15.0,17.0,2.0,6.0,49.0
170,Max Aarons,0.165,,-0.015,,,14.0,,13.0,,2.0,
171,Mario Vrančić,0.11,,,,,14.0,,,,,
172,Grant Hanley,0.045,,0.0775,,,8.0,,20.0,,,
173,Bernard,0.118,0.19,,,,12.0,6.0,,,,
174,Abdoulaye Doucouré,0.1725,0.128,0.1436,0.1062,0.0824,61.0,18.0,34.0,20.0,47.0,180.0
175,Moise Kean,0.0615,,,,,30.0,1.0,,,,
176,Bernardo Silva,0.1567,0.18,0.2011,0.1467,0.212,52.0,28.0,47.0,25.0,34.0,186.0
177,İlkay Gündoğan,0.1017,0.1986,0.1778,0.1705,,31.0,52.0,55.0,53.0,,
178,Aymeric Laporte,0.32,0.08,0.1643,-0.1,-0.02,4.0,6.0,35.0,10.0,1.0,56.0
179,Sergio Agüero,0.2371,0.139,,,,73.0,17.0,,,,
180,Rodri,0.1978,0.0686,0.23,0.1421,0.1409,24.0,31.0,45.0,50.0,62.0,212.0
181,Nicolás Otamendi,0.0471,,,,,15.0,,,,,
182,Christian Benteke,0.0489,0.0776,0.1169,,,41.0,71.0,39.0,,,
183,Jack O'Connell,0.065,,,,,14.0,,,,,
184,Enda Stevens,0.1975,0.025,,,,22.0,16.0,,,,
185,Oliver Norwood,0.126,0.0,,,0.0867,16.0,11.0,,,14.0,
186,John Fleck,0.1836,0.02,,,,31.0,17.0,,,,
187,Luka Milivojević,0.2571,0.116,,,,29.0,17.0,8.0,7.0,,
188,Luke Freeman,,,,,,3.0,,,,,
189,Andros Townsend,0.178,0.0918,0.1589,,0.1814,12.0,36.0,20.0,,20.0,
190,Jeffrey Schlupp,0.0967,0.087,0.1211,0.0944,0.1191,18.0,18.0,33.0,28.0,19.0,116.0
191,N'Golo Kanté,0.1167,0.08,0.0722,0.0,,18.0,10.0,17.0,8.0,,
192,Christian Fuchs,0.05,,,,,5.0,4.0,,,,
193,Olivier Giroud,0.1595,0.124,,,,39.0,29.0,,,,
194,Jamie Vardy,0.1365,0.0693,0.1232,0.0985,,84.0,73.0,54.0,27.0,,
195,Willian,0.1484,0.26,,0.2712,0.1438,67.0,20.0,,41.0,43.0,
196,Scott McTominay,0.086,0.1514,0.1143,0.005,0.0721,29.0,26.0,27.0,13.0,44.0,139.0
197,Rúben Neves,0.177,0.1277,0.1237,0.2,,61.0,64.0,42.0,63.0,,
198,Adama Traoré,0.145,0.0615,0.048,0.1743,0.1271,43.0,43.0,23.0,19.0,11.0,139.0
199,Aaron Wan-Bissaka,0.08,0.1775,0.12,0.035,-0.025,7.0,7.0,5.0,10.0,3.0,32.0
200,Jonny Castro,0.174,,0.148,0.1,,18.0,1.0,10.0,9.0,,
201,Frederic Guilbert,0.0567,,,,,8.0,,,,,
202,André Gomes,,0.1567,0.19,,0.185,5.0,14.0,14.0,,8.0,
203,Yerry Mina,0.1664,0.135,0.175,0.3425,,29.0,17.0,6.0,8.0,,
204,Alex Iwobi,0.074,0.1567,0.18,0.1573,0.1485,23.0,15.0,24.0,42.0,55.0,159.0
205,Morgan Schneiderlin,,,,,,6.0,,,,,
206,Theo Walcott,0.011,0.0109,,0.1114,,31.0,29.0,6.0,20.0,,
207,Andreas Christensen,-0.015,,,,,7.0,3.0,5.0,,,
208,César Azpilicueta,0.1717,0.125,0.25,0.18,,29.0,11.0,11.0,9.0,,
209,Mateo Kovačić,0.128,0.1175,0.2067,-0.01,0.132,21.0,23.0,22.0,23.0,22.0,111.0
210,Felipe Anderson,0.0487,,,,,23.0,,,,,
211,Angelo Ogbonna,0.17,0.15,0.56,,,13.0,13.0,3.0,3.0,1.0,33.0
212,Tom Cleverley,0.078,,0.1443,,,17.0,,12.0,,,
213,Andriy Yarmolenko,0.1746,0.035,0.088,,,26.0,7.0,11.0,,,
214,Ismaila Sarr,0.0423,,0.2007,,,44.0,,39.0,,,
215,Arthur Masuaku,0.08,-0.02,0.18,,,5.0,6.0,4.0,,,
216,Luke Shaw,0.04,0.125,0.07,0.145,,11.0,11.0,6.0,14.0,2.0,44.0
217,Ashley Young,,,0.06,0.08,0.115,3.0,,10.0,15.0,13.0,
218,Gary Cahill,0.086,-0.0367,,,,21.0,11.0,,,,
219,Harry Maguire,0.045,0.0989,0.076,,0.122,31.0,36.0,23.0,3.0,20.0,113.0
220,Patrick van Aanholt,0.066,0.104,,,,26.0,18.0,,,,
221,Dennis Praet,0.24,0.125,,0.225,,16.0,8.0,,5.0,,
222,Ravel Morrison,,,,,,1.0,,,,,
223,Martín Montoya,0.0833,,,,,8.0,,,,,
224,Moussa Djenepo,0.14,0.06,0.0,0.015,,20.0,14.0,11.0,3.0,,
225,Stuart Armstrong,0.103,0.0836,0.1211,0.0783,,46.0,55.0,38.0,23.0,,
226,Georginio Wijnaldum,0.12,0.05,,,,36.0,31.0,,,,
227,Nacho Monreal,,,,,,1.0,,,,,
228,David Luiz,0.2188,0.22,,,,23.0,15.0,,,,
229,Adam Smith,0.24,,,0.35,,4.0,,,5.0,2.0,
230,Dominic Solanke,0.1375,,,0.1746,0.1071,32.0,,,76.0,106.0,
231,Matt Doherty,0.1713,-0.12,0.2867,0.125,0.1733,35.0,3.0,16.0,10.0,9.0,73.0
232,Morgan Gibbs-White,,0.2325,,0.079,0.1431,2.0,10.0,2.0,60.0,70.0,144.0
233,Sean Longstaff,0.2314,-0.016,0.35,0.1614,0.1207,25.0,15.0,15.0,33.0,41.0,129.0
234,Son Heung-min,0.1416,0.174,0.1519,0.1474,0.1321,80.0,67.0,86.0,81.0,83.0,397.0
235,Giovani Lo Celso,0.12,0.13,,,0.1817,18.0,15.0,9.0,,13.0,
236,Ben Davies,0.3,,0.18,0.132,0.1,7.0,3.0,18.0,14.0,12.0,54.0
237,Sofiane Boufal,0.1114,,,,,18.0,,,,,
238,Andreas Pereira,0.1129,,,0.1509,0.1444,37.0,,,61.0,52.0,
239,Juan Mata,-0.075,0.0667,0.01,,,10.0,4.0,5.0,,,
240,Nemanja Matić,0.045,0.1867,0.05,,,7.0,6.0,6.0,,,
241,Jesse Lingard,-0.0183,0.1785,0.275,0.075,,22.0,40.0,8.0,10.0,,
242,Chris Basham,,0.01,,,,6.0,10.0,,,2.0,
243,Jetro Willems,0.165,,,,,14.0,,,,,
244,Christian Atsu,0.1,,,,,5.0,,,,,
245,Isaac Success,0.48,,,,,1.0,,,,,
246,Nathaniel Chalobah,,,,0.07,,9.0,,,1.0,,
247,Daryl Janmaat,,,,,,4.0,,,,,
248,Yoshinori Mutō,,,,,,1.0,,,,,
249,Çağlar Söyüncü,0.138,0.1567,-0.29,0.05,,17.0,10.0,8.0,5.0,,
250,Demarai Gray,0.1214,,0.0959,0.1268,,22.0,1.0,65.0,57.0,,
251,James McArthur,0.065,,0.2333,,,28.0,6.0,9.0,,,
252,Cheikhou Kouyaté,0.0375,-0.05,,0.11,0.14,24.0,7.0,7.0,6.0,5.0,49.0
253,Josip Drmić,-0.026,,,,,14.0,,,,,
254,Xherdan Shaqiri,0.41,,,,,4.0,11.0,,,,
255,Romain Saïss,0.1062,0.1345,0.0983,,,24.0,28.0,18.0,,,
256,Patrick Cutrone,0.265,,,,,11.0,1.0,,,,
257,Michael Keane,0.115,0.08,0.1733,0.1175,-0.015,14.0,16.0,20.0,14.0,6.0,70.0
258,Danny Rose,,,-0.03,,,2.0,,4.0,,,
259,Sead Kolašinac,,,,,,4.0,,,,,
260,Aaron Lennon,,,0.2575,,,1.0,,12.0,,,
261,Aaron Connolly,0.1285,0.1488,,,,38.0,23.0,2.0,,,
262,Jeff Hendrick,0.1233,0.295,0.31,,,22.0,10.0,1.0,,,
263,Cédric Soares,0.092,0.335,0.01,,,10.0,7.0,12.0,2.0,,
264,Lys Mousset,0.27,0.025,,,,37.0,4.0,,,,
265,Dean Henderson,,,,,,1.0,,,,,
266,Serge Aurier,0.1425,0.125,,0.0533,0.07,13.0,15.0,,9.0,6.0,
267,Joel Ward,-0.01,0.04,-0.01,-0.255,,5.0,2.0,10.0,8.0,10.0,35.0
268,Marcos Alonso,0.1375,0.15,0.161,,,30.0,22.0,43.0,,,
269,Antonio Rüdiger,0.1633,0.1167,0.0938,,,12.0,14.0,48.0,,,
270,Fikayo Tomori,0.1,,,,,7.0,,,,,
271,Michy Batshuayi,0.27,0.1667,,,,15.0,12.0,,,,
272,Kenny McLean,0.122,,0.1083,,,30.0,,33.0,,,
273,Sam Byram,0.01,,0.01,,,15.0,,7.0,,,
274,José Holebas,0.0267,,,,,6.0,,,,,
275,Christian Kabasele,-0.03,,,,,9.0,,7.0,,,
276,Mark Noble,0.1533,,,,,14.0,1.0,,,,
277,Keinan Davis,0.04,0.03,,,,17.0,9.0,,,,
278,Cenk Tosun,0.26,,,,,15.0,,,,,
279,Aaron Mooy,0.1425,,,,,33.0,,,,,
280,Yves Bissouma,0.2257,0.14,0.084,,0.2,16.0,42.0,21.0,6.0,24.0,109.0
281,Aaron Cresswell,0.156,0.1825,0.2133,0.29,,17.0,19.0,18.0,9.0,,
282,Bukayo Saka,0.215,0.1295,0.1162,0.1259,0.1497,13.0,61.0,95.0,86.0,102.0,357.0
283,Tyrone Mings,0.1067,0.2286,0.118,0.25,,8.0,19.0,21.0,7.0,1.0,56.0
284,Sokratis Papastathopoulos,0.2,,,,,7.0,,,,,
285,Calum Chambers,0.29,,0.66,,,12.0,8.0,5.0,2.0,,
286,Marvelous Nakamba,0.2,0.06,,,,7.0,2.0,,,5.0,
287,Conor Hourihane,0.152,0.4,,,,29.0,5.0,,,,
288,Leon Clarke,,,,,,1.0,,,,,
289,Steven Alzate,0.0467,0.26,0.07,,,13.0,7.0,1.0,,,
290,Adam Webster,0.1371,0.1514,0.165,0.03,,16.0,25.0,8.0,18.0,8.0,75.0
291,Eric Dier,0.01,0.09,0.005,0.14,,8.0,14.0,13.0,17.0,,
292,Danny Welbeck,0.1667,0.1507,0.199,0.0986,0.19,22.0,34.0,43.0,62.0,41.0,202.0
293,Pedro Neto,0.1633,0.0986,0.1775,0.14,0.1008,17.0,61.0,17.0,17.0,36.0,148.0
294,Fred,0.051,0.0571,0.1956,0.2,,40.0,25.0,15.0,26.0,,
295,Sebastian Prödl,,,,,,2.0,,,,,
296,John Egan,0.07,0.02,,,0.07,27.0,14.0,,,3.0,
297,Fabian Delph,,,,,,3.0,1.0,2.0,,,
298,Jamal Lewis,0.175,0.06,,,,9.0,3.0,,,,
299,Ibrahim Amadou,0.05,,,,,6.0,,,,,
300,Dejan Lovren,-0.02,,,,,5.0,,,,,
301,James McCarthy,0.05,,,,,12.0,1.0,,,,
302,Jack Stacey,0.02,,,,,5.0,,,1.0,,
303,Gabriel Martinelli,0.162,0.0488,0.1567,0.17,0.0785,12.0,20.0,51.0,79.0,58.0,220.0
304,Arnaut Danjuma,0.03,,,0.0267,0.2078,13.0,,,6.0,25.0,
305,Callum Hudson-Odoi,0.0175,0.2417,0.2186,,0.1935,21.0,23.0,18.0,,38.0,
306,Rúben Vinagre,,,,,,5.0,,,,,
307,João Cancelo,0.0267,0.1345,0.0778,0.05,,15.0,35.0,81.0,17.0,,
308,Fernandinho,0.03,-0.01,0.1333,,,17.0,14.0,18.0,,,
309,Matthew Longstaff,0.365,,,,,4.0,,,,,
310,Andy Carroll,0.0667,-0.02,,,,16.0,14.0,,,,
311,Marcos Rojo,,,,,,1.0,,,,,
312,Tom Davies,0.038,,0.245,0.28,0.64,17.0,7.0,6.0,9.0,4.0,43.0
313,Dele Alli,0.1444,0.0575,0.125,,,41.0,12.0,6.0,,,
314,Matt Targett,0.005,0.02,0.012,,,7.0,6.0,13.0,1.0,,
315,Robbie Brady,0.27,0.132,,,,12.0,16.0,,,,
316,João Moutinho,0.2167,0.105,0.1586,0.2667,,22.0,14.0,20.0,16.0,,
317,Kevin Danso,,,,,,1.0,,,,,
318,Ciaran Clark,0.22,0.07,0.02,,,6.0,8.0,7.0,,,
319,Adam Lallana,0.32,0.11,0.1225,0.242,0.095,5.0,22.0,19.0,8.0,11.0,65.0
320,Benjamin Mendy,0.05,0.3,,,,10.0,6.0,,,,
321,John Stones,0.14,0.084,0.058,0.1833,0.125,6.0,15.0,9.0,11.0,4.0,45.0
322,Phil Foden,0.0936,0.1405,0.145,0.1632,0.1856,34.0,45.0,57.0,46.0,105.0,287.0
323,Fabián Balbuena,0.1875,0.2,,,,10.0,8.0,,,,
324,Matěj Vydra,0.125,0.11,0.1229,,,18.0,35.0,19.0,,,
325,Reece James,0.1067,0.0864,0.222,0.0375,0.2,18.0,34.0,37.0,16.0,7.0,112.0
326,Kieran Tierney,0.335,0.0833,0.108,0.11,,6.0,15.0,15.0,7.0,,
327,Federico Fernández,0.0971,0.03,0.29,,,15.0,4.0,6.0,,,
328,Ezequiel Schelotto,0.03,,,,,4.0,,,,,
329,Adrian Mariappa,,,,,,3.0,,,,,
330,Adam Masina,0.09,,,,,15.0,,5.0,,,
331,Ben Foster,0.24,,,,,1.0,,,,,
332,Alexander Tettey,0.21,,,,,23.0,,,,,
333,James Tomkins,0.405,0.26,0.255,-0.06,,9.0,2.0,4.0,3.0,,
334,DeAndre Yedlin,0.18,,,,,1.0,2.0,,,,
335,Lewis Cook,0.08,,,,0.085,9.0,,,6.0,12.0,
336,Simon Francis,,,,,,3.0,,,,,
337,Phil Bardsley,0.175,,,,,11.0,3.0,,,,
338,Mason Holgate,0.072,0.0267,0.15,,,11.0,5.0,7.0,4.0,3.0,30.0
339,Djibril Sidibé,0.1933,,,,,12.0,,,,,
340,Héctor Bellerín,0.295,0.068,,,,7.0,15.0,,,,
341,Brandon Williams,0.22,0.07,0.29,,,6.0,1.0,4.0,,,
342,Angeliño,,,,,,5.0,,,,,
343,Craig Cathcart,-0.02,,,,,2.0,,3.0,,,
344,Michael Obafemi,0.178,,,,,12.0,,,,2.0,
345,Mesut Özil,0.1033,,,,,9.0,,,,,
346,Dennis Srbeny,0.35,,,,,2.0,,,,,
347,Ezri Konsa,0.1125,0.1329,0.245,,0.0617,11.0,22.0,15.0,8.0,19.0,75.0
348,Dan Gosling,0.1383,,0.65,,,13.0,,2.0,,,
349,Shane Long,0.0715,0.02,0.164,,,33.0,2.0,9.0,,,
350,Shkodran Mustafi,0.2033,,,,,11.0,,,,,
351,Victor Lindelöf,0.77,-0.09,-0.01,,0.1025,6.0,4.0,3.0,3.0,6.0,22.0
352,Henri Lansbury,,,,,,2.0,,,,,
353,Kelechi Iheanacho,0.146,0.1429,0.1417,0.0777,,36.0,58.0,31.0,38.0,,
354,Ahmed Elmohamady,0.45,0.17,,,,5.0,9.0,,,,
355,Domingos Quina,-0.01,,,,,1.0,,,,,
356,Naby Keïta,0.1471,0.005,0.1286,,,12.0,9.0,26.0,10.0,,
357,Curtis Jones,0.11,0.1167,0.0343,0.124,0.102,6.0,19.0,20.0,15.0,19.0,79.0
358,Javier Manquillo,,,0.215,,,1.0,1.0,4.0,,,
359,Nathan Holland,0.29,,,,,1.0,,,,,
360,Kortney Hause,0.0867,0.17,0.2,,,20.0,5.0,2.0,,,
361,Dwight Gayle,0.152,0.2133,,,,23.0,16.0,2.0,,,
362,Christoph Zimmermann,0.3,,0.08,,,6.0,,2.0,,,
363,Jack Stephens,0.01,-0.055,,0.4,,6.0,6.0,,2.0,,
364,Leighton Baines,,,,,,1.0,,,,,
365,Jan Vertonghen,0.105,,,,,4.0,,,,,
366,Martin Kelly,,,,,,2.0,,,,,
367,Florian Lejeune,0.1667,,,,,4.0,,,,,
368,Bernardo,0.035,,,,,7.0,4.0,,,,
369,Connor Wickham,0.055,,,,,3.0,,,,,
370,Jack Simpson,,,,,,1.0,,,,,
371,Alireza Jahanbakhsh,0.175,0.13,,,,12.0,18.0,,,,
372,Junior Stanislas,0.175,,,,,17.0,,,1.0,,
373,Wes Morgan,0.18,,,,,4.0,,,,,
374,Albian Ajeti,,,,,,3.0,,,,,
375,Ryan Sessegnon,,,0.03,0.2117,,1.0,,6.0,18.0,,
376,Muhamed Bešić,0.085,,,,,4.0,,,,,
377,Jonathan Kodjia,,,,,,2.0,,,,,
378,Charlie Taylor,,0.1,,,0.07,1.0,3.0,7.0,,10.0,
379,Jaïro Riedewald,,-0.015,,,,3.0,8.0,,1.0,1.0,
380,Japhet Tanganga,0.02,,0.06,,,3.0,2.0,7.0,,,
381,Eddie Nketiah,0.204,0.108,0.1377,0.1407,0.1267,15.0,12.0,29.0,41.0,38.0,135.0
382,Anthony Gordon,0.01,,0.0889,0.1172,0.0943,6.0,,44.0,34.0,80.0,
383,Danny Drinkwater,,,,,,2.0,,,,,
384,Ondrej Duda,0.0833,,,,,10.0,,,,,
385,Nampalys Mendy,0.07,0.075,0.31,0.14,,1.0,4.0,1.0,2.0,,
386,Lukas Rupp,0.125,,0.025,,,4.0,,12.0,,,
387,Phil Jones,-0.04,,,,,2.0,,,,,
388,Takumi Minamino,0.165,0.1171,0.2325,,,8.0,20.0,7.0,,,
389,Mbwana Samatta,-0.02,,,,,17.0,,,,,
390,Tomáš Souček,0.1186,0.0778,0.2091,0.1954,0.1653,20.0,64.0,45.0,34.0,43.0,206.0
391,Bruno Fernandes,0.1229,0.1082,0.0634,0.11,0.1806,40.0,111.0,87.0,90.0,90.0,418.0
392,Daniel Podence,0.0567,0.1629,0.0627,0.0447,,10.0,32.0,35.0,43.0,,
393,Diogo Dalot,,,0.1325,0.0443,0.1186,1.0,,13.0,22.0,30.0,
394,Steven Bergwijn,0.1125,0.1,0.18,,,9.0,15.0,19.0,,,
395,Sander Berge,0.33,0.03,,,0.1167,5.0,9.0,,,25.0,
396,Willy Boly,0.06,0.0633,-0.08,0.04,0.2783,5.0,15.0,2.0,2.0,14.0,38.0
397,Odion Ighalo,0.0533,,,,,7.0,,,,,
398,Andrew Surman,,,,,,1.0,,,,,
399,Nabil Bentaleb,,,,,,4.0,,,,,
400,William Smallbone,,0.32,,,,6.0,1.0,1.0,,,
401,Tahith Chong,,,,,0.1786,1.0,,,,31.0,
402,Joe Gomez,,,,0.18,0.075,1.0,,1.0,6.0,19.0,
403,Jarrod Bowen,0.07,0.1644,0.1312,0.1152,0.2065,24.0,55.0,79.0,73.0,84.0,315.0
404,Alexis Mac Allister,0.12,0.06,0.1456,0.0854,0.3238,7.0,24.0,57.0,80.0,43.0,211.0
405,Faustino Anjorin,,,,,,1.0,,,,,
406,Billy Gilmour,,,0.0733,0.03,0.12,1.0,1.0,18.0,6.0,25.0,51.0
407,Timm Klose,,,,,,3.0,,,,,
408,Adam Idah,0.035,,0.225,,,6.0,,14.0,,,
409,Nathan Tella,-0.01,0.105,0.164,,,1.0,17.0,12.0,,,
410,Gedson Fernandes,,,,,,1.0,,,,,
411,Jeremy Ngakia,0.04,,,,,1.0,,5.0,,,
412,Ruben Loftus-Cheek,,0.0288,0.0267,0.06,,4.0,35.0,19.0,9.0,,
413,Leroy Sané,,,,,,2.0,,,,,
414,Neco Williams,0.03,,,0.1686,0.025,7.0,2.0,,25.0,15.0,
415,Josh Brownhill,,0.0243,0.1033,,0.1327,6.0,34.0,29.0,,28.0,
416,James Justin,,0.22,0.16,,,7.0,10.0,5.0,5.0,,
417,David Brooks,0.36,,,-0.02,0.02,6.0,,,5.0,13.0,
418,Valentino Lazaro,0.63,,,,,4.0,,,,,
419,Ryan Fredericks,,0.1,,,,3.0,4.0,,,,
420,Indiana Vassilev,,,,,,1.0,,,,,
421,Kasper Schmeichel,,,,,,1.0,,,,,
422,Tommy Doyle,0.0,,,,0.1833,1.0,,,,14.0,
423,Richairo Živković,,,,,,1.0,,,,,
424,Ben Osborn,0.4,0.1775,,,,3.0,9.0,,,4.0,
425,Tariq Lamptey,,0.215,0.1075,,,2.0,6.0,19.0,5.0,6.0,38.0
426,Eric García,-0.03,,,,,2.0,2.0,,,,
427,Sam Surridge,,,,0.035,,2.0,,,9.0,,
428,Kevin Long,,,,,,2.0,2.0,4.0,,,
429,Jake Vokins,,,,,,1.0,,,,,
430,João Pedro,,,0.1056,,0.114,1.0,,47.0,,70.0,
431,Lloyd Kelly,,,,,0.09,1.0,,,3.0,4.0,
432,George Hirst,0.07,,,,,3.0,,,,,
433,Timothy Fosu-Mensah,,,,,,1.0,1.0,,,,
434,Ben Johnson,,0.51,0.42,0.19,0.07,1.0,3.0,5.0,2.0,6.0,17.0
435,Rob Holding,,0.01,0.42,0.035,,2.0,14.0,4.0,5.0,,
436,Josh Martin,-0.05,,,,,1.0,,,,,
437,Denis Odoi,,0.09,,,,,2.0,,,,
438,Neeskens Kebano,,,,0.03,,,6.0,,9.0,,
439,Mohamed Elneny,,0.055,0.25,,0.0,,9.0,8.0,,2.0,
440,Gabriel Magalhães,,-0.0025,0.04,0.06,0.083,,16.0,29.0,32.0,31.0,
441,Aboubakar Kamara,,0.275,,,,,4.0,,,,
442,Aleksandar Mitrović,,0.0605,,0.1948,0.08,,57.0,,85.0,2.0,
443,Bobby Reid,,0.2188,,0.179,0.2462,,34.0,,31.0,33.0,
444,Jack Harrison,,0.16,0.2076,0.1814,0.0789,,45.0,43.0,39.0,34.0,
445,Patrick Bamford,,0.1393,0.05,0.15,,,105.0,20.0,48.0,,
446,Mateusz Klich,,0.1144,0.0606,0.46,,,34.0,42.0,4.0,,
447,Kalvin Phillips,,0.186,0.07,,-0.005,,15.0,15.0,6.0,5.0,
448,Robin Koch,,0.01,0.09,0.0225,,,9.0,13.0,17.0,,
449,Grady Diangana,,0.085,,,,,14.0,,,,
450,Matheus Pereira,,0.1513,,,,,61.0,,,,
451,Darnell Furlong,,0.136,,,,,26.0,,,,
452,Timothy Castagne,,0.24,0.1567,0.022,0.0475,,8.0,7.0,19.0,14.0,
453,Kyle Edwards,,-0.01,,,,,2.0,,,,
454,Hal Robson-Kanu,,0.125,,,,,13.0,,,,
455,James Rodríguez,,0.1867,,,,,37.0,,,,
456,Timo Werner,,0.0997,0.0812,,0.17,,79.0,45.0,,29.0,
457,Jake Livermore,,,,,,,5.0,,,,
458,Allan,,0.095,0.0867,,,,7.0,7.0,,,
459,Joe Bryan,,0.035,,,,,8.0,,,,
460,Hélder Costa,,0.1167,,,,,16.0,1.0,,,
461,Michael Hector,,,,,,,1.0,,,,
462,Harrison Reed,,0.095,,0.1971,0.23,,13.0,,20.0,9.0,
463,Andre-Frank Zambo Anguissa,,0.035,,,,,34.0,,,,
464,Ezgjan Alioski,,0.2425,,,,,25.0,,,,
465,Tyler Roberts,,0.0658,0.1475,,,,26.0,30.0,,,
466,Donny van de Beek,,0.57,0.155,,,,2.0,7.0,2.0,1.0,
467,Thiago Alcántara,,0.1,0.0117,0.04,,,22.0,25.0,10.0,,
468,Jimmy Dunne,,0.25,,,,,7.0,,,,
469,Ollie Watkins,,0.126,0.0952,0.1036,0.1849,,95.0,76.0,84.0,107.0,
470,Matty Cash,,0.055,0.0946,0.38,0.1379,,9.0,37.0,7.0,33.0,
471,Ethan Ampadu,,0.115,,,,,7.0,,,,
472,Eberechi Eze,,0.1431,-0.09,0.2168,0.1355,,37.0,10.0,70.0,82.0,
473,Kai Havertz,,0.1344,0.0922,0.1348,0.1281,,33.0,56.0,70.0,68.0,
474,Kyle Bartley,,0.208,,,,,14.0,,,,
475,Romaine Sawyers,,,,,,,4.0,,,,
476,Matt Phillips,,0.089,,,,,22.0,,,,
477,Luke Ayling,,0.1167,0.2433,-0.108,,,24.0,19.0,24.0,,
478,Jack Robinson,,,,,0.22,,6.0,,,14.0,
479,Oliver Burke,,0.1717,,,,,25.0,,,,
480,Stuart Dallas,,0.205,0.0975,,,,48.0,30.0,,,
481,Liam Cooper,,0.1225,0.1,-0.035,,,15.0,6.0,10.0,,
482,Rodrigo,,0.1128,0.1529,0.1512,,,46.0,46.0,66.0,,
483,Ian Poveda,,0.02,,,,,5.0,,,,
484,Liam Delap,,,,,,,1.0,,,,
485,Ferrán Torres,,0.1293,0.1,,,,36.0,13.0,,,
486,Fábio Silva,,0.0919,0.148,,0.1233,,47.0,19.0,,7.0,
487,Ivan Cavaleiro,,0.0933,,,,,45.0,,,,
488,Tom Cairney,,0.24,,0.445,0.11,,12.0,,21.0,17.0,
489,Mamadou Sakho,,,,,,,1.0,,,,
490,Rúben Dias,,0.0733,0.09,0.025,0.015,,14.0,18.0,10.0,20.0,
491,Dara O'Shea,,,,,0.204,,3.0,,,19.0,
492,Antonee Robinson,,0.0475,,,0.1629,,10.0,,3.0,16.0,
493,Nélson Semedo,,0.1073,0.1175,,-0.005,,23.0,19.0,9.0,17.0,
494,Maxime Le Marchand,,,,,,,1.0,,,,
495,Sergio Reguilón,,0.0525,0.1678,,-0.0367,,20.0,21.0,,17.0,
496,Bertrand Traoré,,0.1843,0.19,0.42,,,64.0,8.0,9.0,,
497,Ademola Lookman,,0.0623,0.0683,,,,68.0,26.0,,,
498,Tosin Adarabioyo,,0.04,,0.045,0.168,,18.0,,16.0,14.0,
499,Mario Lemina,,0.39,,0.4,0.1556,,19.0,,9.0,48.0,
500,Ben White,,-0.02,0.12,0.035,0.2267,,10.0,12.0,10.0,13.0,
501,Vladimír Coufal,,0.054,0.02,,0.21,,15.0,11.0,6.0,8.0,
502,Gareth Bale,,0.13,,,,,38.0,,,,
503,Islam Slimani,,,,,,,1.0,,,,
504,Filip Krovinović,,0.05,,,,,8.0,,,,
505,Karlan Grant,,0.1222,,,,,16.0,,,,
506,Conor Townsend,,0.0125,,,,,11.0,,,,
507,Branislav Ivanović,,0.03,,,,,4.0,,,,
508,Conor Gallagher,,0.1286,0.2364,0.1745,0.1512,,29.0,52.0,28.0,48.0,
509,Pablo Hernández,,0.1167,,,,,15.0,,,,
510,Raphinha,,0.2013,0.1667,,,,67.0,84.0,,,
511,Tyrick Mitchell,,0.085,,0.62,0.0625,,2.0,4.0,6.0,12.0,
512,Edinson Cavani,,0.1387,0.2867,,,,34.0,18.0,,,
513,Fernando Marçal,,,-0.02,,,,2.0,11.0,,,
514,Jacob Murphy,,0.1875,0.296,0.18,0.125,,30.0,27.0,29.0,30.0,
515,Rayan Aït-Nouri,,0.1667,0.1075,0.224,0.115,,15.0,13.0,10.0,24.0,
516,Nathaniel Clyne,,0.01,0.13,,,,4.0,3.0,,4.0,
517,Rhian Brewster,,0.0757,,,0.03,,24.0,,,7.0,
518,Hakim Ziyech,,0.1042,0.1242,0.18,,,35.0,52.0,16.0,,
519,Thiago Silva,,0.125,0.172,-0.01,0.2125,,13.0,18.0,15.0,14.0,
520,Niels Nkounkou,,,,,,,1.0,,,,
521,Thomas Partey,,0.065,0.0967,0.06,0.0,,26.0,44.0,28.0,8.0,
522,Ola Aina,,0.155,,,0.38,,14.0,,,11.0,
523,Joachim Andersen,,0.0667,0.1867,0.1833,0.0612,,13.0,8.0,22.0,21.0,
524,Luke Thomas,,0.3367,,,0.53,,7.0,4.0,3.0,6.0,
525,Pascal Struijk,,0.255,0.08,0.1529,,,14.0,11.0,16.0,,
526,Max Lowe,,0.02,,,,,2.0,,,2.0,
527,Saïd Benrahma,,0.0917,0.1325,0.0448,0.032,,35.0,63.0,69.0,18.0,
528,Carlos Vinícius,,0.2,,0.2192,0.128,,7.0,,21.0,9.0,
529,Max Kilman,,0.06,0.01,,0.234,,7.0,13.0,14.0,14.0,
530,Alex Telles,,0.0,0.0767,,,,5.0,10.0,,,
531,Cengiz Ünder,,0.06,,,,,9.0,,,,
532,Wesley Fofana,,-0.065,0.25,0.14,,,11.0,3.0,8.0,,
533,Josh Benson,,,,,,,2.0,,,,
534,Jacob Ramsey,,0.12,0.2609,0.1046,0.1725,,11.0,34.0,33.0,19.0,
535,Conor Coady,,0.285,0.0475,0.17,,,7.0,12.0,4.0,,
536,Semi Ajayi,,0.115,,,,,13.0,,,,
537,Charlie Austin,,,,,,,3.0,,,,
538,Owen Otasowie,,,,,,,4.0,,,,
539,Jayden Bogle,,0.0943,,,0.1655,,17.0,,,32.0,
540,Andi Zeqiri,,-0.005,,,,,7.0,,,,
541,Emile Smith Rowe,,0.1275,0.0835,-0.01,0.08,,13.0,40.0,4.0,15.0,
542,Rhys Williams,,,,,,,7.0,,,,
543,Daniel Amartey,,0.01,0.16,0.055,,,3.0,2.0,6.0,,
544,Pablo Marí,,,,,,,2.0,1.0,,,
545,Vitinha,,0.11,,,,,8.0,,,,
546,Eric Bailly,,,,,,,2.0,,,,
547,Antwoine Hackford,,,,,,,1.0,,,,
548,Rekeem Harper,,0.37,,,,,1.0,,,,
549,Joël Veltman,,0.19,-0.025,-0.008,0.2267,,14.0,12.0,15.0,5.0,
550,Kenny Tete,,-0.01,,0.146,-0.1,,7.0,,13.0,4.0,
551,Kamil Grosicki,,,,,,,3.0,,,,
552,Kieran Gibbs,,,,,,,1.0,,,,
553,Dan Nlundulu,,,,,,,1.0,,,,
554,Ibrahima Diallo,,0.02,0.025,,,,7.0,8.0,6.0,,
555,Kean Bryan,,0.27,,,,,3.0,,,,
556,Willian José,,-0.0171,,,,,19.0,,,,
557,Mbaye Diagne,,0.1678,,,,,25.0,,,,
558,Martin Ødegaard,,0.1467,0.1019,0.1377,0.1152,,15.0,53.0,93.0,75.0,
559,Josh Maja,,0.1086,,,,,20.0,,,,
560,Okay Yokuşlu,,,,,,,12.0,,,,
561,Ki-Jana Hoever,,,,,,,1.0,1.0,,,
562,Jean-Philippe Mateta,,0.135,0.0456,0.14,0.1896,,4.0,37.0,27.0,44.0,
563,Nathaniel Phillips,,-0.025,,,,,15.0,,1.0,,
564,Morgan Sanson,,,,,,,2.0,1.0,,,
565,Diego Llorente,,0.01,0.1133,,,,8.0,10.0,6.0,,
566,Mohammed Salisu,,-0.08,0.0644,-0.0125,,,4.0,24.0,19.0,,
567,Jakub Moder,,-0.02,0.14,,0.31,,13.0,28.0,,11.0,
568,Sidnei Tavares,,0.09,,,,,1.0,,,,
569,Josh Onomah,,0.02,,,,,6.0,,,,
570,Ozan Kabak,,,0.035,,,,1.0,4.0,,,
571,Joe Rodon,,,,,,,1.0,,,,
572,José Izquierdo,,0.29,,,,,1.0,,,,
573,Daniel Jebbison,,0.115,,,,,4.0,,,,
574,Fabio Carvalho,,0.106,,0.0625,,,9.0,,11.0,,
575,Alisson,,0.44,,,,,1.0,,,,
576,Carney Chukwuemeka,,,-0.01,-0.02,0.06,,1.0,4.0,5.0,3.0,
577,Gaetano Berardi,,,,,,,1.0,,,,
578,Anthony Elanga,,0.29,0.11,0.1275,0.1114,,2.0,21.0,10.0,54.0,
579,Amad Diallo,,0.16,,,0.005,,1.0,,,10.0,
580,Frank Onyeka,,,0.124,0.05,0.0756,,,16.0,9.0,22.0,
581,Bryan Mbeumo,,,0.1463,0.1397,0.0969,,,76.0,70.0,50.0,
582,Sergi Canós,,,0.1158,,,,,33.0,1.0,,
583,Folarin Balogun,,,,,,,,3.0,,,
584,Albert Sambi Lokonga,,,0.0738,-0.01,0.175,,,20.0,2.0,8.0,
585,Christian Nørgaard,,,0.145,0.065,0.01,,,27.0,19.0,35.0,
586,Nuno Tavares,,,0.03,,0.0,,,23.0,,7.0,
587,Adam Armstrong,,,0.1193,0.1483,,,,47.0,25.0,,
588,Francisco Trincão,,,0.1538,,,,,32.0,,,
589,Trevoh Chalobah,,,0.1014,-0.02,0.025,,,9.0,9.0,2.0,
590,Emmanuel Dennis,,,0.1319,-0.0471,,,,60.0,21.0,,
591,Juraj Kucka,,,0.0764,,,,,46.0,,,
592,Cucho,,,0.164,,,,,34.0,,,
593,Leon Bailey,,,0.0775,0.1136,0.0605,,,21.0,51.0,53.0,
594,Kostas Tsimikas,,,0.09,0.365,,,,8.0,7.0,3.0,
595,Milot Rashica,,,0.0424,,,,,44.0,,,
596,Ben Gibson,,,0.0075,,,,,8.0,,,
597,Pierre Lees-Melou,,,0.1022,,,,,33.0,,,
598,Josh Sargent,,,0.265,,,,,24.0,,,
599,Harvey Elliott,,,-0.13,0.1608,0.1006,,,10.0,36.0,49.0,
600,Ivan Toney,,,0.1196,0.1642,0.07,,,83.0,87.0,51.0,
601,Kristoffer Ajer,,,0.13,,0.185,,,7.0,1.0,12.0,
602,Vitaly Janelt,,,0.1242,0.09,0.1514,,,30.0,14.0,21.0,
603,Ethan Pinnock,,,0.0938,0.1788,0.1775,,,16.0,15.0,19.0,
604,Ken Sema,,,0.01,,,,,3.0,,,
605,Oghenekaro Etebo,,,,,,,,3.0,,,
606,Enock Mwepu,,,0.0713,-0.16,,,,19.0,2.0,,
607,Valentino Livramento,,,0.0167,,0.41,,,12.0,,4.0,
608,Romelu Lukaku,,,0.09,,,,,42.0,,,
609,Marc Guéhi,,,0.018,0.0517,,,,19.0,14.0,5.0,
610,Saman Ghoddos,,,0.15,0.35,0.185,,,8.0,1.0,9.0,
611,Rico Henry,,,0.186,0.135,,,,14.0,22.0,2.0,
612,Axel Tuanzebe,,,0.04,,,,,2.0,,,
613,Mohamed Elyounoussi,,,0.0876,0.146,,,,43.0,36.0,,
614,Taylor Richards,,,,,,,,1.0,,,
615,Jamie Shackleton,,,-0.01,,,,,4.0,,,
616,Odsonne Édouard,,,0.0576,0.2847,0.1674,,,39.0,39.0,51.0,
617,Shandon Baptiste,,,0.01,0.1,0.1,,,12.0,4.0,2.0,
618,Armando Broja,,,0.1584,0.348,0.395,,,45.0,6.0,13.0,
619,Takehiro Tomiyasu,,,0.105,,0.2367,,,11.0,3.0,17.0,
620,Kieran Dowell,,,0.175,,,,,8.0,,,
621,Cristiano Ronaldo,,,0.0405,0.1067,,,,107.0,25.0,,
622,Raphaël Varane,,,-0.03,0.0375,-0.02,,,9.0,8.0,8.0,
623,Jadon Sancho,,,0.2411,0.1022,,,,26.0,21.0,,
624,Hwang Hee-chan,,,0.0883,0.0014,0.1659,,,27.0,18.0,44.0,
625,Junior Firpo,,,0.27,-0.04,,,,11.0,2.0,,
626,Mathias Normann,,,0.238,,,,,26.0,,,
627,Maxwel Cornet,,,0.1,-0.025,0.62,,,46.0,9.0,4.0,
628,Salomón Rondón,,,0.13,0.33,,,,21.0,4.0,,
629,Boubakary Soumaré,,,-0.02,,,,,6.0,1.0,,
630,Nikola Vlašić,,,-0.11,,,,,7.0,,,
631,William Troost-Ekong,,,,,,,,2.0,,,
632,Ozan Tufan,,,,,,,,3.0,,,
633,Pontus Jansson,,,0.114,0.065,,,,22.0,4.0,,
634,Yoane Wissa,,,0.1531,0.1607,0.1675,,,32.0,32.0,67.0,
635,Nathan Collins,,,0.224,,0.175,,,15.0,3.0,10.0,
636,Dimitris Giannoulis,,,-0.04,,,,,2.0,,,
637,Mathias Jensen,,,0.052,0.18,0.1057,,,19.0,23.0,14.0,
638,Emerson,,,0.2675,0.1067,0.1367,,,15.0,17.0,6.0,
639,Michael Olise,,,0.063,0.1164,0.165,,,19.0,51.0,56.0,
640,Romain Perraud,,,0.2833,0.36,,,,19.0,30.0,,
641,Patson Daka,,,0.1567,0.1281,,,,26.0,30.0,,
642,Marcus Forss,,,,,,,,5.0,,,
643,Joe Gelhardt,,,0.0689,0.16,,,,23.0,10.0,,
644,Crysencio Summerville,,,,0.2967,,,,2.0,29.0,,
645,Mathias Jørgensen,,,0.08,0.07,0.235,,,2.0,5.0,8.0,
646,Marc Cucurella,,,0.0633,,0.1525,,,18.0,7.0,8.0,
647,Ashley Fletcher,,,0.06,,,,,2.0,,,
648,Andrew Omobamidele,,,0.28,,,,,2.0,,1.0,
649,Cameron Archer,,,,,0.086,,,1.0,,42.0,
650,Charlie Goode,,,,,,,,2.0,,,
651,Mads Roerslev,,,-0.045,,0.42,,,5.0,3.0,7.0,
652,Imran Louza,,,0.115,,,,,17.0,,,
653,Cole Palmer,,,0.18,0.1133,0.1311,,,4.0,11.0,100.0,
654,James Mcatee,,,,,0.1362,,,1.0,,25.0,
655,Adam Forshaw,,,0.03,,,,,14.0,1.0,,
656,Christos Tzolis,,,0.01,,,,,6.0,,,
657,Saúl Ñíguez,,,0.06,,,,,5.0,,,
658,Kiernan Dewsbury-Hall,,,0.0767,0.2117,,,,21.0,26.0,,
659,Lyanco,,,0.02,0.1125,,,,6.0,12.0,,
660,Oliver Skipp,,,0.0,0.1133,0.39,,,4.0,7.0,4.0,
661,Przemysław Płacheta,,,0.1386,,,,,8.0,,,
662,Jakob Sørensen,,,0.04,,,,,5.0,,,
663,Jonjoe Kenny,,,,,,,,5.0,,,
664,Jarrad Branthwaite,,,0.165,,0.1575,,,3.0,,14.0,
665,Ibrahima Konaté,,,,0.1233,0.13,,,4.0,11.0,11.0,
666,Dominic Thompson,,,,,,,,1.0,,,
667,Bryan Gil,,,0.03,0.05,-0.05,,,1.0,2.0,4.0,
668,Francisco Sierralta,,,0.15,,,,,1.0,,,
669,Edo Kayembe,,,,,,,,6.0,,,
670,Samir Santos,,,0.005,,,,,8.0,,,
671,Philippe Coutinho,,,0.1125,0.1775,-0.03,,,43.0,21.0,3.0,
672,Kaide Gordon,,,0.23,,,,,1.0,,,
673,Mads Bech Sørensen,,,,,,,,2.0,,,
674,Tyler Onyango,,,,,,,,1.0,,,
675,Wout Weghorst,,,0.17,-0.016,,,,30.0,14.0,,
676,Hassane Kamara,,,0.33,,,,,5.0,,,
677,Kieran Trippier,,,0.115,0.2625,0.1625,,,2.0,14.0,8.0,
678,Connor Roberts,,,0.235,,,,,6.0,,,
679,Rodrigo Bentancur,,,0.14,0.1389,0.1125,,,14.0,15.0,18.0,
680,Chiquinho,,,0.03,,,,,5.0,,,
681,Luis Díaz,,,0.1615,0.2562,0.0981,,,38.0,27.0,94.0,
682,Dejan Kulusevski,,,0.2611,0.101,0.1757,,,26.0,43.0,57.0,
683,Cristian Romero,,,0.155,-0.075,0.2256,,,6.0,11.0,24.0,
684,Malang Sarr,,,,,,,,1.0,,,
685,Bruno Guimarães,,,0.1617,0.1725,0.0689,,,23.0,28.0,48.0,
686,Samuel Kalu,,,0.02,,,,,4.0,,,
687,Jon Rowe,,,0.105,,,,,3.0,,,
688,Sam Greenwood,,,,0.315,,,,4.0,12.0,,
689,Charlie Cresswell,,,,,,,,1.0,,,
690,Tariqe Fosu,,,0.15,,,,,1.0,,,
691,Vitaliy Mykolenko,,,0.205,-0.0133,0.118,,,8.0,10.0,26.0,
692,Moisés Caicedo,,,0.02,0.1275,0.0975,,,10.0,28.0,13.0,
693,Tim Iroegbunam,,,,,,,,1.0,,,
694,Josh Dasilva,,,,0.2867,,,,1.0,18.0,,
695,Lewis Bate,,,,,,,,1.0,,,
696,Tony Springett,,,0.47,,,,,1.0,,,
697,Toti Gomes,,,,0.055,0.052,,,1.0,5.0,10.0,
698,Hannibal Mejbri,,,-0.01,,0.16,,,1.0,,1.0,
699,Isaac Price,,,,,,,,1.0,,,
700,Kenedy,,,,,,,,1.0,,,
701,João Palhinha,,,,0.1011,0.185,,,,39.0,45.0,
702,Darwin Núñez,,,,0.1443,0.1409,,,,84.0,107.0,
703,Lewis O'Brien,,,,0.12,,,,,7.0,,
704,Diego Carlos,,,,,0.03,,,,4.0,10.0,
705,Boubacar Kamara,,,,-0.06,0.14,,,,4.0,5.0,
706,Kieffer Moore,,,,0.22,0.1,,,,23.0,6.0,
707,Brenden Aaronson,,,,0.0844,,,,,41.0,,
708,Tyler Adams,,,,,,,,,4.0,,
709,Marc Roca,,,,0.0962,,,,,35.0,,
710,Roméo Lavia,,,,0.11,,,,,12.0,,
711,Joe Aribo,,,,0.1862,,,,,14.0,,
712,Kalidou Koulibaly,,,,0.2575,,,,,11.0,,
713,Halil Dervişoğlu,,,,,,,,,1.0,,
714,Lisandro Martínez,,,,0.04,,,,,10.0,,
715,Erling Haaland,,,,0.1447,0.1646,,,,116.0,113.0,
716,Julián Álvarez,,,,0.195,0.1659,,,,46.0,96.0,
717,Nathan Patterson,,,,0.02,,,,,8.0,4.0,
718,Amadou Onana,,,,0.265,-0.0233,,,,34.0,29.0,
719,Armel Bella Kotchap,,,,0.18,,,,,14.0,,
720,Rasmus Kristensen,,,,-0.016,,,,,13.0,,
721,Sekou Mara,,,,0.18,,,,,17.0,,
722,Ben Pearson,,,,0.09,,,,,2.0,,
723,Aaron Hickey,,,,0.075,0.05,,,,11.0,7.0,
724,Tyrell Malacia,,,,-0.015,,,,,5.0,,
725,Orel Mangala,,,,0.05,-0.01,,,,9.0,10.0,
726,Moussa Niakhate,,,,0.1667,0.04,,,,6.0,5.0,
727,Taiwo Awoniyi,,,,0.038,0.1891,,,,35.0,22.0,
728,Brennan Johnson,,,,0.1562,0.1389,,,,52.0,53.0,
729,Gianluca Scamacca,,,,0.088,,,,,30.0,,
730,Cheick Doucouré,,,,0.1157,0.21,,,,36.0,6.0,
731,Chris Richards,,,,,0.1033,,,,4.0,11.0,
732,Gonçalo Guedes,,,,0.115,,,,,19.0,,
733,Matheus Nunes,,,,0.0011,-0.0175,,,,28.0,10.0,
734,Harry Toffolo,,,,0.03,0.062,,,,6.0,8.0,
735,Ryan Yates,,,,0.234,0.1086,,,,26.0,32.0,
736,Jay Stansfield,,,,,,,,,2.0,,
737,Keane Lewis-Potter,,,,0.12,0.151,,,,7.0,43.0,
738,William Saliba,,,,0.12,0.1367,,,,6.0,10.0,
739,Marcus Tavernier,,,,0.1564,0.1488,,,,37.0,53.0,
740,Sven Botman,,,,0.0529,0.27,,,,22.0,10.0,
741,Luis Sinisterra,,,,0.1227,0.1275,,,,28.0,27.0,
742,Pervis Estupiñán,,,,0.1225,0.0333,,,,29.0,11.0,
743,Sergio Gómez,,,,,,,,,7.0,2.0,
744,Jaidon Anthony,,,,0.0746,-0.01,,,,22.0,2.0,
745,Ryan Christie,,,,0.0122,0.0723,,,,33.0,43.0,
746,Elliot Anderson,,,,0.1825,0.0425,,,,11.0,19.0,
747,Ivan Perišić,,,,0.155,,,,,29.0,2.0,
748,Djed Spence,,,,,,,,,1.0,,
749,Remo Freuler,,,,0.06,,,,,8.0,,
750,Joe Worrall,,,,0.185,,,,,7.0,2.0,
751,Deniz Undav,,,,0.0225,,,,,27.0,,
752,Renan Lodi,,,,,,,,,15.0,,
753,Alexander Isak,,,,0.1591,0.1828,,,,49.0,72.0,
754,Clément Lenglet,,,,-0.01,-0.0367,,,,13.0,8.0,
755,Sasa Kalajdzic,,,,,0.47,,,,1.0,4.0,
756,Lucas Paquetá,,,,0.1871,0.0512,,,,52.0,40.0,
757,Antony,,,,0.1708,0.1412,,,,72.0,43.0,
758,Fabio Vieira,,,,0.095,0.13,,,,15.0,6.0,
759,Mikkel Damsgaard,,,,0.024,0.1575,,,,12.0,9.0,
760,Duje Ćaleta-Car,,,,-0.1,,,,,5.0,,
761,Thilo Kehrer,,,,-0.04,,,,,8.0,,
762,Diego Costa,,,,0.1236,,,,,28.0,,
763,Chem Campbell,,,,,,,,,2.0,,
764,Manuel Akanji,,,,-0.09,0.2,,,,15.0,15.0,
765,Casemiro,,,,0.1891,0.0922,,,,34.0,39.0,
766,Wout Faes,,,,0.09,,,,,13.0,,
767,Kaoru Mitoma,,,,0.1452,0.1813,,,,52.0,34.0,
768,James Garner,,,,0.1467,0.118,,,,9.0,41.0,
769,Scott McKenna,,,,,,,,,2.0,2.0,
770,Samuel Edozie,,,,0.06,,,,,8.0,,
771,Joseph Hodge,,,,,,,,,2.0,,
772,Marcos Senesi,,,,-0.21,0.2175,,,,8.0,13.0,
773,Flynn Downes,,,,-0.06,,,,,4.0,,
774,Hugo Bueno,,,,0.08,,,,,4.0,5.0,
775,Julio Enciso,,,,0.1189,0.1612,,,,38.0,28.0,
776,Jeremy Sarmiento,,,,0.02,,,,,5.0,,
777,Boubacar Traoré,,,,,0.24,,,,3.0,11.0,
778,Tim Ream,,,,0.1,0.01,,,,3.0,1.0,
779,Alejandro Garnacho,,,,0.1844,0.1078,,,,24.0,100.0,
780,Nayef Aguerd,,,,0.235,0.2733,,,,12.0,14.0,
781,Thomas Cannon,,,,-0.07,,,,,1.0,,
782,Levi Colwill,,,,,0.3033,,,,8.0,11.0,
783,Stefan Bajcetic,,,,0.2267,,,,,6.0,,
784,Denis Zakaria,,,,,,,,,2.0,,
785,Wilfried Gnonto,,,,0.1188,,,,,22.0,,
786,Darko Gyabi,,,,,,,,,1.0,,
787,Siriki Dembélé,,,,-0.06,,,,,2.0,,
788,Evan Ferguson,,,,0.1947,0.1185,,,,36.0,33.0,
789,Gustavo Scarpa,,,,0.0,,,,,7.0,,
790,Pape Matar Sarr,,,,,0.1231,,,,2.0,36.0,
791,Ludwig Augustinsson,,,,0.35,,,,,2.0,,
792,Matheus Cunha,,,,0.0829,0.1286,,,,26.0,72.0,
793,Lewis Hall,,,,0.134,0.09,,,,11.0,11.0,
794,João Félix,,,,0.1194,,,,,46.0,,
795,Álex Moreno,,,,0.01,0.135,,,,13.0,8.0,
796,Maximilian Wöber,,,,0.135,,,,,9.0,,
797,Cody Gakpo,,,,0.1817,0.0508,,,,39.0,66.0,
798,Rico Lewis,,,,0.025,0.37,,,,5.0,5.0,
799,Benoît Badiashile,,,,-0.095,0.14,,,,6.0,6.0,
800,Mykhailo Mudryk,,,,0.124,0.06,,,,14.0,35.0,
801,Dango Ouattara,,,,0.11,0.0057,,,,26.0,30.0,
802,Jordan Zemura,,,,,,,,,4.0,,
803,Joe Rothwell,,,,0.005,,,,,3.0,2.0,
804,Danilo,,,,0.1475,0.1371,,,,15.0,23.0,
805,Jan Paul van Hecke,,,,,0.16,,,,2.0,15.0,
806,Idrissa Gana Gueye,,,,0.0783,0.3471,,,,15.0,26.0,
807,Pablo Sarabia,,,,0.064,0.1419,,,,20.0,44.0,
808,Manor Solomon,,,,0.2514,0.12,,,,11.0,7.0,
809,Enzo Fernández,,,,0.1333,0.1269,,,,20.0,45.0,
810,David Datro Fofana,,,,0.0,0.039,,,,3.0,19.0,
811,Kamaldeen Sulemana,,,,0.1843,,,,,24.0,,
812,Carlos Alcaraz,,,,0.183,,,,,24.0,,
813,Paul Onuachu,,,,0.096,,,,,11.0,,
814,Naouirou Ahamada,,,,,0.115,,,,3.0,9.0,
815,Tetê,,,,0.02,,,,,15.0,,
816,Antoine Semenyo,,,,-0.04,0.1097,,,,3.0,70.0,
817,Marcel Sabitzer,,,,0.23,,,,,11.0,,
818,Noni Madueke,,,,0.16,0.1483,,,,12.0,31.0,
819,Victor Bernth Kristiansen,,,,,,,,,3.0,,
820,Felipe,,,,0.05,,,,,13.0,3.0,
821,João Gomes,,,,0.1,0.1186,,,,4.0,26.0,
822,Hamed Junior Traorè,,,,,0.105,,,,6.0,3.0,
823,Weston McKennie,,,,0.155,,,,,13.0,,
824,Jáder Durán,,,,-0.055,0.1686,,,,7.0,20.0,
825,Ellis Simms,,,,0.32,,,,,8.0,,
826,Facundo Buonanotte,,,,-0.0567,0.2312,,,,11.0,21.0,
827,Kevin Schade,,,,0.1025,0.2975,,,,12.0,8.0,
828,Georginio Rutter,,,,,,,,,4.0,,
829,Harry Souttar,,,,-0.01,,,,,8.0,,
830,Saša Lukić,,,,0.06,0.1167,,,,5.0,13.0,
831,André Ayew,,,,0.55,,,,,3.0,,
832,Mateo Joseph,,,,0.07,,,,,1.0,,
833,Illan Meslier,,,,-0.06,,,,,1.0,,
834,Pedro Porro,,,,0.1543,0.1325,,,,26.0,53.0,
835,David Raya,,,,,,,,,1.0,,
836,Yasin Ayari,,,,,,,,,1.0,,
837,Matías Viña,,,,0.1933,,,,,9.0,,
838,Cameron Peupion,,,,,,,,,1.0,,
839,James Bree,,,,0.03,,,,,1.0,,
840,Jakub Kiwior,,,,0.16,0.05,,,,1.0,6.0,
841,Lewis Miley,,,,,0.095,,,,1.0,13.0,
842,Luca Koleosho,,,,,0.062,,,,,23.0,
843,Zeki Amdouni,,,,,0.1171,,,,,48.0,
844,Lyle Foster,,,,,0.2075,,,,,34.0,
845,Anass Zaroury,,,,,0.04,,,,,3.0,
846,Jacob Bruun Larsen,,,,,0.1193,,,,,43.0,
847,Pelly Ruddock Mpanzu,,,,,0.11,,,,,11.0,
848,Mahmoud Dahoud,,,,,0.02,,,,,6.0,
849,Carlton Morris,,,,,0.1823,,,,,66.0,
850,Issa Kaboré,,,,,0.12,,,,,6.0,
851,Simon Adingra,,,,,0.1486,,,,,52.0,
852,Jacob Brown,,,,,0.08,,,,,26.0,
853,William Osula,,,,,0.0612,,,,,21.0,
854,Anel Ahmedhodžić,,,,,0.076,,,,,19.0,
855,Sandro Tonali,,,,,0.47,,,,,3.0,
856,Moussa Diaby,,,,,0.1605,,,,,54.0,
857,Micky van de Ven,,,,,0.1967,,,,,8.0,
858,Nicolas Jackson,,,,,0.0903,,,,,80.0,
859,Axel Disasi,,,,,0.1175,,,,,16.0,
860,Dominik Szoboszlai,,,,,0.0927,,,,,60.0,
861,Facundo Pellistri,,,,,0.085,,,,,4.0,
862,Vinicius Souza,,,,,0.2286,,,,,14.0,
863,Gustavo Hamer,,,,,0.3015,,,,,49.0,
864,Bénie Traoré,,,,,0.35,,,,,1.0,
865,Justin Kluivert,,,,,0.123,,,,,56.0,
866,Destiny Udogie,,,,,0.18,,,,,9.0,
867,Malo Gusto,,,,,0.102,,,,,15.0,
868,Jesurun Rak Sakyi,,,,,-0.11,,,,,5.0,
869,Ryan Giles,,,,,0.02,,,,,2.0,
870,Lewis Dobbin,,,,,0.06,,,,,5.0,
871,Youssef Chermiti,,,,,-0.03,,,,,7.0,
872,Yasser Larouci,,,,,0.02,,,,,6.0,
873,Hannes Delcroix,,,,,-0.055,,,,,4.0,
874,Nicolò Zaniolo,,,,,0.076,,,,,27.0,
875,Nick Pope,,,,,,,,,,1.0,
876,Mads Juel Andersen,,,,,0.64,,,,,3.0,
877,Edson Álvarez,,,,,0.1633,,,,,17.0,
878,Elijah Adebayo,,,,,0.3021,,,,,31.0,
879,Reece Burke,,,,,0.1967,,,,,13.0,
880,Alfie Doughty,,,,,0.1362,,,,,26.0,
881,Chiedozie Ogbene,,,,,0.0871,,,,,35.0,
882,Beto,,,,,0.145,,,,,42.0,
883,Michael Olakigbe,,,,,,,,,,3.0,
884,Luke Harris,,,,,0.0,,,,,1.0,
885,Ian Maatsen,,,,,,,,,,5.0,
886,Josh Cullen,,,,,0.138,,,,,16.0,
887,Ameen Al-Dakhil,,,,,0.1267,,,,,8.0,
888,Pau Torres,,,,,0.1,,,,,12.0,
889,Rasmus Højlund,,,,,0.1175,,,,,38.0,
890,Jean-Ricner Bellegarde,,,,,0.054,,,,,15.0,
891,Jeremy Doku,,,,,0.1221,,,,,55.0,
892,Joško Gvardiol,,,,,0.0862,,,,,32.0,
893,Amari'i Bell,,,,,0.275,,,,,2.0,
894,Cauley Woodrow,,,,,0.1,,,,,16.0,
895,Tom Lockyer,,,,,0.53,,,,,7.0,
896,Ansu Fati,,,,,0.1264,,,,,26.0,
897,Ibrahim Sangaré,,,,,,,,,,8.0,
898,Mike Trésor,,,,,,,,,,5.0,
899,Nicolás Domínguez,,,,,0.195,,,,,22.0,
900,Aaron Ramsey,,,,,0.05,,,,,6.0,
901,Benson Manuel,,,,,0.145,,,,,4.0,
902,Illia Zabarnyi,,,,,0.21,,,,,8.0,
903,Anis Ben Slimane,,,,,-0.02,,,,,8.0,
904,Milos Kerkez,,,,,0.048,,,,,16.0,
905,Wilson Odobert,,,,,0.1179,,,,,49.0,
906,Vitinho,,,,,0.075,,,,,25.0,
907,Murillo,,,,,0.03,,,,,17.0,
908,Teden Mengi,,,,,0.205,,,,,11.0,
909,Rodrigo Muniz,,,,,0.1362,,,,,73.0,
910,Gonzalo Montiel,,,,,,,,,,3.0,
911,Mohammed Kudus,,,,,0.2147,,,,,67.0,
912,Carlos Baleba,,,,,0.276,,,,,21.0,
913,Ryan Gravenberch,,,,,0.1062,,,,,23.0,
914,Yehor Yarmoliuk,,,,,0.034,,,,,11.0,
915,Matheus França,,,,,-0.005,,,,,8.0,
916,Sofyan Amrabat,,,,,-0.03,,,,,3.0,
917,Deivid Washington,,,,,,,,,,1.0,
918,Alex Scott,,,,,0.23,,,,,15.0,
919,Igor,,,,,,,,,,5.0,
920,Andrey Santos,,,,,,,,,,2.0,
921,Calvin Bassey,,,,,0.05,,,,,5.0,
922,Konstantinos Mavropanos,,,,,0.21,,,,,12.0,
923,Jordan Beyer,,,,,,,,,,5.0,
924,Wataru Endo,,,,,0.3333,,,,,10.0,
925,Gabriel Osho,,,,,0.11,,,,,10.0,
926,Jack Hinshelwood,,,,,0.2688,,,,,14.0,
927,Auston Trusty,,,,,0.115,,,,,8.0,
928,Divin Mubama,,,,,,,,,,1.0,
929,Kobbie Mainoo,,,,,0.208,,,,,11.0,
930,Christopher Nkunku,,,,,0.2357,,,,,16.0,
931,Andre Brooks,,,,,-0.015,,,,,9.0,
932,Jarell Quansah,,,,,0.2125,,,,,6.0,
933,Alejo Véliz,,,,,0.72,,,,,2.0,
934,Oscar Bobb,,,,,0.07,,,,,4.0,
935,Jordan Clark,,,,,0.1725,,,,,17.0,
936,Hjalmar Ekdal,,,,,0.0,,,,,2.0,
937,Ben Brereton,,,,,0.1156,,,,,34.0,
938,Conor Bradley,,,,,0.235,,,,,12.0,
939,Morgan Rogers,,,,,0.194,,,,,11.0,
940,Enes Ünal,,,,,0.0587,,,,,23.0,
941,Romain Faivre,,,,,,,,,,2.0,
942,Lorenz Assignon,,,,,0.1425,,,,,9.0,
943,Luke Berry,,,,,0.1525,,,,,8.0,
944,Gio Reyna,,,,,0.05,,,,,5.0,
945,Omari Forson,,,,,,,,,,1.0,
946,Daniel Muñoz,,,,,,,,,,8.0,
947,Adam Wharton,,,,,0.01,,,,,10.0,
948,Nathan Fraser,,,,,0.2,,,,,3.0,
949,Tawanda Chirewa,,,,,0.11,,,,,3.0,
950,Bobby Clark,,,,,,,,,,2.0,
951,Maxime Estève,,,,,,,,,,7.0,
952,Oliver Arblaster,,,,,0.03,,,,,1.0,
953,Daiki Hashioka,,,,,,,,,,2.0,
954,Radu Drăgușin,,,,,,,,,,1.0,
955,Alfie Gilchrist,,,,,0.43,,,,,5.0,
956,Leon Chiwome,,,,,,,,,,2.0,
957,Omari Kellyman,,,,,,,,,,1.0,
958,Fred Onyedinma,,,,,0.08,,,,,5.0,
959,Valentín Barco,,,,,0.05,,,,,4.0,
960,Mark O'Mahony,,,,,,,,,,1.0,
961,Benicio Boaitey,,,,,,,,,,1.0,
962,George Earthy,,,,,0.48,,,,,1.0,
